{"cameraMode":{"drawMode":0,"name":"Shaded","section":"Shading Mode"},"sceneLighting":false,"audioPlay":false,"sceneViewState":{"m_AlwaysRefresh":false,"showFog":true,"showSkybox":true,"showFlares":true,"showImageEffects":true,"showParticleSystems":true,"showVisualEffectGraphs":true,"m_FxEnabled":true},"in2DMode":false,"pivot":{"x":-90.0384292602539,"y":-41.678287506103519,"z":494.8789367675781},"rotation":{"x":0.052256882190704349,"y":-0.09124491363763809,"z":0.004790326114743948,"w":0.9944379925727844},"size":261.2923583984375,"orthographic":false}